url,title
info/what-is-cc-why-should-i-care/,What is Corporate Chaplaincy?
info/what-is-cc-why-should-i-care/about/,About
about-us/consider-a-career-in-corporate-chaplaincy/,Careers
A-business-model-made-in-heaven/,A Business Model Made in Heaven
info/what-is-cc-why-should-i-care/missing-link/,The Missing Link
info/what-is-cc-why-should-i-care/chaplain-confidentiality-in-the-workplace-precedent-and-principle/,Chaplain Confidentiality in the Workplace&#58; Precedent and Principle
info/what-is-cc-why-should-i-care/the-appearance-of-corporate-chaplains-in-the-workplace/,The Appearance of Corporate Chaplains in the Workplace
info/what-is-cc-why-should-i-care/the-coaching-and-training-of-corporate-chaplains/,The Coaching and Training of Corporate Chaplains
contact/,Contact
